original_text,clean_text,style,hashtags,hashtag_count,mentions,mention_count,emojis,emoji_count,word_count,char_count,line_count,first_line,has_question,has_exclamation,has_url,primary_theme,tone,has_cta,hook_strength,target_audience
"Today. Was. Incredible. 
#Melanintravel
#Blacktraveljourney
#theurbanmillennial
#blackgirlstraveltoo
#blacktravelfeed
#blackandabroad
#WeGoToo 
#mytravelcrush 
#hardlyhome",Today. Was. Incredible. #Melanintravel #Blacktraveljourney #theurbanmillennial #blackgirlstraveltoo #blacktravelfeed #blackandabroad #WeGoToo #mytravelcrush #hardlyhome,general,#Melanintravel #Blacktraveljourney #theurbanmillennial #blackgirlstraveltoo #blacktravelfeed #blackandabroad #WeGoToo #mytravelcrush #hardlyhome,9,,0,,0,3,168,1,Today. Was. Incredible. #Melanintravel #Blacktraveljourney #theurbanmillennial #blackgirlstraveltoo #blacktravelfeed #blackandabroad #WeGoToo #mytravelcrush #hardlyhome,False,False,False,travel and adventure,casual,False,4,travel enthusiasts
"__⁖
▼ Today’s #ootd .
ˑ
ˑ
click here‣‣‣ #izfashiondiaries
.
今日は昨年末オープンした
\  @antiqua_tree_cafe  #アンティカツリーカフェ / へ.
ずっと行ってみたかったcaféの１つ.
ˑ
ˑ
#antiquatreecafe",__⁖ ▼ Today’s #ootd . ˑ ˑ click here‣‣‣ #izfashiondiaries . 今日は昨年末オープンした \ @antiqua_tree_cafe #アンティカツリーカフェ / へ. ずっと行ってみたかったcaféの１つ. ˑ ˑ #antiquatreecafe,aesthetic,#ootd #izfashiondiaries #アンティカツリーカフェ #antiquatreecafe,4,@antiqua_tree_cafe,1,,0,16,152,1,__⁖ ▼ Today’s #ootd . ˑ ˑ click here‣‣‣ #izfashiondiaries . 今日は昨年末オープンした \ @antiqua_tree_cafe #アンティカツリーカフェ / へ. ずっと行ってみたかったcaféの１つ. ˑ ˑ #antiquatreecafe,False,False,False,fashion and cafe visit,casual,True,3,fashion and foodies
"Throwback naar vorig jaar 🌴
•
•
•
•
• 
#tb #travel #palmtrees #photooftheday",Throwback naar vorig jaar 🌴 • • • • • #tb #travel #palmtrees #photooftheday,general,#tb #travel #palmtrees #photooftheday,4,,0,🌴,1,10,75,1,Throwback naar vorig jaar 🌴 • • • • • #tb #travel #palmtrees #photooftheday,False,False,False,travel throwback,casual,False,2,friends and family
Join Miyagi at Sterling Hyundai on Johnston for incredible savings on tons of brand new cars and SUVs!! #ad,Join Miyagi at Sterling Hyundai on Johnston for incredible savings on tons of brand new cars and SUVs!! #ad,motivational,#ad,1,,0,,0,18,107,1,Join Miyagi at Sterling Hyundai on Johnston for incredible savings on tons of brand new cars and SUVs!! #ad,False,True,False,sales and savings,professional,True,5,car shoppers
Un beau samedi ⛸🌲 #saturday #friend #north #iceskating #vsco #vscocam #vscogram,Un beau samedi ⛸🌲 #saturday #friend #north #iceskating #vsco #vscocam #vscogram,aesthetic,#saturday #friend #north #iceskating #vsco #vscocam #vscogram,7,,0,⛸🌲,2,4,79,1,Un beau samedi ⛸🌲 #saturday #friend #north #iceskating #vsco #vscocam #vscogram,False,False,False,winter activities,casual,False,2,friends and outdoor enthusiasts
When your man tells you his plane just landed & he’ll be home soon!!!! 🙌🏼✈️🤩 http://liketk.it/2uRyW #liketkit @liketoknow.it  #ltkunder50 #ltkstyle #kccouple,When your man tells you his plane just landed & he’ll be home soon!!!! 🙌🏼✈️🤩 #liketkit @liketoknow.it #ltkunder50 #ltkstyle #kccouple,general,#liketkit #ltkunder50 #ltkstyle #kccouple,4,@liketoknow,1,🙌🏼✈🤩,4,16,133,1,When your man tells you his plane just landed & he’ll be home soon!!!! 🙌🏼✈️🤩 #liketkit @liketoknow.it #ltkunder50 #ltkstyle #kccouple,False,True,True,personal relationship,playful,False,4,friends and family
"Words to live by 💕
•
•
•
•
•
#quotes #marilynmonroe #wordstoliveby #inspirationalquotes #wednesday #april #2019 #life #noregrets #live #love #laugh #liveyourlife #livingmybestlife",Words to live by 💕 • • • • • #quotes #marilynmonroe #wordstoliveby #inspirationalquotes #wednesday #april #2019 #life #noregrets #live #love #laugh #liveyourlife #livingmybestlife,motivational,#quotes #marilynmonroe #wordstoliveby #inspirationalquotes #wednesday #april #2019 #life #noregrets #live #love #laugh #liveyourlife #livingmybestlife,14,,0,💕,1,10,179,1,Words to live by 💕 • • • • • #quotes #marilynmonroe #wordstoliveby #inspirationalquotes #wednesday #april #2019 #life #noregrets #live #love #laugh #liveyourlife #livingmybestlife,False,False,False,inspirational quotes,inspirational,False,3,people seeking motivation
"“I want this one” 😬 •
•
•
#london #pinkdoor #pink #starbucks",“I want this one” 😬 • • • #london #pinkdoor #pink #starbucks,aesthetic,#london #pinkdoor #pink #starbucks,4,,0,😬,1,8,60,1,“I want this one” 😬 • • • #london #pinkdoor #pink #starbucks,False,False,False,London landmark,casual,False,2,travel and photography enthusiasts
I GOT MY BIG!!! I can't tell y'all how much she stressed me out this week trying to tell me she wasn't my big 🙄 but it all worked out because I got the HOTTEST FAM EVER 💋 I love you!!!,I GOT MY BIG!!! I can't tell y'all how much she stressed me out this week trying to tell me she wasn't my big 🙄 but it all worked out because I got the HOTTEST FAM EVER 💋 I love you!!!,general,,0,,0,🙄💋,2,41,184,1,I GOT MY BIG!!! I can't tell y'all how much she stressed me out this week trying to tell me she wasn't my big 🙄 but it all worked out because I got the HOTTEST FAM EVER 💋 I love you!!!,False,True,False,personal achievement,playful,False,4,friends and family
"Vogliono ballare un po' di più
Vogliono sentir girar la testa
Vogliono sentire un po' di più
Un po' di più 🖤 @dibofoto",Vogliono ballare un po' di più Vogliono sentir girar la testa Vogliono sentire un po' di più Un po' di più 🖤 @dibofoto,aesthetic,,0,@dibofoto,1,🖤,1,22,118,1,Vogliono ballare un po' di più Vogliono sentir girar la testa Vogliono sentire un po' di più Un po' di più 🖤 @dibofoto,False,False,False,music and dance,playful,False,3,music and dance enthusiasts
"‪Just getting kicked off! Sunny, warm and PERFECT weather for #LowcountryCajunFestival Live music, food and fun!  @johnnyoonair #charleston","‪Just getting kicked off! Sunny, warm and PERFECT weather for #LowcountryCajunFestival Live music, food and fun! @johnnyoonair #charleston",general,#LowcountryCajunFestival #charleston,2,@johnnyoonair,1,,0,15,138,1,"‪Just getting kicked off! Sunny, warm and PERFECT weather for #LowcountryCajunFestival Live music, food and fun! @johnnyoonair #charleston",False,True,False,event announcement,casual,False,4,local event attendees
Tonight in St.Moritz for Kennedy Foundation Gala 💘,Tonight in St.Moritz for Kennedy Foundation Gala 💘,aesthetic,,0,,0,💘,1,8,50,1,Tonight in St.Moritz for Kennedy Foundation Gala 💘,False,False,False,luxury event,professional,False,3,high-end event enthusiasts
Everyone wants to be part of #clubbudweiser presenter by @95sxhitmusicnow 😃🍻🐶⚾️ #thirstythursday @chasriverdogs,Everyone wants to be part of #clubbudweiser presenter by @95sxhitmusicnow 😃🍻🐶⚾️ #thirstythursday @chasriverdogs,funny,#clubbudweiser #thirstythursday,2,@95sxhitmusicnow @chasriverdogs,2,😃🍻🐶⚾,4,9,111,1,Everyone wants to be part of #clubbudweiser presenter by @95sxhitmusicnow 😃🍻🐶⚾️ #thirstythursday @chasriverdogs,False,False,False,social invitation,playful,True,4,young adults
we got next. 🏀#internationalwomensday,we got next. 🏀#internationalwomensday,motivational,#internationalwomensday,1,,0,🏀,1,4,37,1,we got next. 🏀#internationalwomensday,False,False,False,empowerment,inspirational,False,5,women
yum @eunique_kollection #barverde#thegrove,yum @eunique_kollection #barverde#thegrove,aesthetic,#barverde #thegrove,2,@eunique_kollection,1,,0,1,42,1,yum @eunique_kollection #barverde#thegrove,False,False,False,food and drink,casual,False,2,foodies
How would you like to see @dierksBentley when he comes to Charlotte August 8th? We've got tickets... click the link and enter for your chance to win!,How would you like to see @dierksBentley when he comes to Charlotte August 8th? We've got tickets... click the link and enter for your chance to win!,general,,0,@dierksBentley,1,,0,26,149,1,How would you like to see @dierksBentley when he comes to Charlotte August 8th? We've got tickets... click the link and enter for your chance to win!,True,True,False,contest announcement,casual,True,5,music fans
"Miami postcard 🌴🌊☀️🐚🌴
•
•
#miami #keybiacayne #beach #beachlife #paradise #landscape #nature #postcard #360val",Miami postcard 🌴🌊☀️🐚🌴 • • #miami #keybiacayne #beach #beachlife #paradise #landscape #nature #postcard #360val,aesthetic,#miami #keybiacayne #beach #beachlife #paradise #landscape #nature #postcard #360val,9,,0,🌴🌊☀🐚🌴,5,5,110,1,Miami postcard 🌴🌊☀️🐚🌴 • • #miami #keybiacayne #beach #beachlife #paradise #landscape #nature #postcard #360val,False,False,False,travel and landscape,professional,False,4,travel enthusiasts
Always fun to hang with all the volunteers at the @clayfair #StageSecurity,Always fun to hang with all the volunteers at the @clayfair #StageSecurity,general,#StageSecurity,1,@clayfair,1,,0,10,74,1,Always fun to hang with all the volunteers at the @clayfair #StageSecurity,False,False,False,volunteer appreciation,casual,False,3,volunteers and event staff
all I've done is eat this week!,all I've done is eat this week!,funny,,0,,0,,0,7,31,1,all I've done is eat this week!,False,True,False,personal humor,playful,False,4,friends and family
Bomb twist out achieved using @handmadebreeabutter curling cream . It's amazing <3 !! #ad,Bomb twist out achieved using @handmadebreeabutter curling cream . It's amazing <3 !! #ad,aesthetic,#ad,1,@handmadebreeabutter,1,,0,12,89,1,Bomb twist out achieved using @handmadebreeabutter curling cream . It's amazing <3 !! #ad,False,True,False,beauty and product review,casual,False,4,beauty enthusiasts
@kevinhart4real will take over and host @steveharveyfm this Friday morning from 6-10,@kevinhart4real will take over and host @steveharveyfm this Friday morning from 6-10,general,,0,@kevinhart4real @steveharveyfm,2,,0,10,84,1,@kevinhart4real will take over and host @steveharveyfm this Friday morning from 6-10,False,False,False,event announcement,casual,False,2,fans of Kevin Hart and Steve Harvey
"a u s t r a l i a n |  summer, I love you ☀️. #myislandhome #seeaustralia #itsbeautifulhere","a u s t r a l i a n | summer, I love you ☀️. #myislandhome #seeaustralia #itsbeautifulhere",aesthetic,#myislandhome #seeaustralia #itsbeautifulhere,3,,0,☀,1,16,90,1,"a u s t r a l i a n | summer, I love you ☀️. #myislandhome #seeaustralia #itsbeautifulhere",False,False,False,love for Australia,casual,False,3,travel enthusiasts and Australia lovers
"🌊 👨🏻‍💻🦈 b.b. ||
-
-
||
-
-
||
#babyshark #work #mood #sigh",🌊 👨🏻‍💻🦈 b.b. || - - || - - || #babyshark #work #mood #sigh,funny,#babyshark #work #mood #sigh,4,,0,🌊👨🏻💻🦈,5,10,58,1,🌊 👨🏻‍💻🦈 b.b. || - - || - - || #babyshark #work #mood #sigh,False,False,False,work frustration,playful,False,4,people who can relate to work stress
Shout out to my friends over at @nymbrands for helping me keep my hair lookin healthy & clean with the complimentary #CleanFreakTapioca dry shampoo. @influenster #Ad ✨,Shout out to my friends over at @nymbrands for helping me keep my hair lookin healthy & clean with the complimentary #CleanFreakTapioca dry shampoo. @influenster #Ad ✨,general,#CleanFreakTapioca #Ad,2,@nymbrands @influenster,2,✨,1,23,167,1,Shout out to my friends over at @nymbrands for helping me keep my hair lookin healthy & clean with the complimentary #CleanFreakTapioca dry shampoo. @influenster #Ad ✨,False,False,False,product promotion,casual,True,2,people interested in hair care products
My Work! #Medium #ExtraLong #boxbraids with Burgundy hair and gold accessories ✨ #dmvbraider #mdbraider #dmvhairstylist #ad #pretty #protectivestyles #blackhair,My Work! #Medium #ExtraLong #boxbraids with Burgundy hair and gold accessories ✨ #dmvbraider #mdbraider #dmvhairstylist #ad #pretty #protectivestyles #blackhair,aesthetic,#Medium #ExtraLong #boxbraids #dmvbraider #mdbraider #dmvhairstylist #ad #pretty #protectivestyles #blackhair,10,,0,✨,1,9,160,1,My Work! #Medium #ExtraLong #boxbraids with Burgundy hair and gold accessories ✨ #dmvbraider #mdbraider #dmvhairstylist #ad #pretty #protectivestyles #blackhair,False,True,False,hair styling,professional,True,3,people interested in hair braiding and styling
Hello Spring 💐 Dress: @relish_official,Hello Spring 💐 Dress: @relish_official,aesthetic,,0,@relish_official,1,💐,1,4,38,1,Hello Spring 💐 Dress: @relish_official,False,False,False,fashion and spring,casual,False,2,fashion enthusiasts
"My other half, my marshmallow, my Brittany Snow. She completes me👸🏼💕 #gmg #dontloseyourphone #onabus #ever","My other half, my marshmallow, my Brittany Snow. She completes me👸🏼💕 #gmg #dontloseyourphone #onabus #ever",motivational,#gmg #dontloseyourphone #onabus #ever,4,,0,👸🏼💕,3,11,106,1,"My other half, my marshmallow, my Brittany Snow. She completes me👸🏼💕 #gmg #dontloseyourphone #onabus #ever",False,False,False,love and appreciation,inspirational,False,4,people who value relationships and love
"+
+
お料理上手でモノトーンインテリアのセンスがめっちゃお洒落なお家に住んであたしのカリスマ的存在❤️
@moe9646 さんからの
#モノトーンバトン
#白黒バトン
.
そう、我が家にはまさにピッタリなバトンを回してくれてモエさんありがとうッ😆💓🎶
.
モノトーングッズだらけでどれもpostしたいものばかりだけど、今回のマラソンで購入したバスマット🙋🏻‍♀️✨
.
タオル地のバスマットでしっかり厚みもあるし何よりデザインがめっちゃ可愛い😍💕
.
うちは毎日バスマットをタオル感覚で洗濯物と一緒に洗う派なので、こういうバスマットの方が洗いやすくていい😁✨
.
roomにも載せてあるので気になる方はのぞいてみてくださいね😊💕
.
マラソン、走り出してからのんびり駆け抜けているのでまだ完走していません😂
.
でも多分オーバーランの予感🤪
.
みなさんのマラソン購入品も見せてくださいね❤️
.
バトンはあたしと同じくモノトーンを愛してやまない人達に回しちゃうよ😘
.
#白黒#白黒病 #白黒インテリア #モノトーン#モノトーンインテリア#シンプルインテリア#シンプルホーム#洗面所#バスマット#楽天#楽天お買い物マラソン #購入品#楽天roomに載せてます",+ + お料理上手でモノトーンインテリアのセンスがめっちゃお洒落なお家に住んであたしのカリスマ的存在❤️ @moe9646 さんからの #モノトーンバトン #白黒バトン . そう、我が家にはまさにピッタリなバトンを回してくれてモエさんありがとうッ😆💓🎶 . モノトーングッズだらけでどれもpostしたいものばかりだけど、今回のマラソンで購入したバスマット🙋🏻‍♀️✨ . タオル地のバスマットでしっかり厚みもあるし何よりデザインがめっちゃ可愛い😍💕 . うちは毎日バスマットをタオル感覚で洗濯物と一緒に洗う派なので、こういうバスマットの方が洗いやすくていい😁✨ . roomにも載せてあるので気になる方はのぞいてみてくださいね😊💕 . マラソン、走り出してからのんびり駆け抜けているのでまだ完走していません😂 . でも多分オーバーランの予感🤪 . みなさんのマラソン購入品も見せてくださいね❤️ . バトンはあたしと同じくモノトーンを愛してやまない人達に回しちゃうよ😘 . #白黒#白黒病 #白黒インテリア #モノトーン#モノトーンインテリア#シンプルインテリア#シンプルホーム#洗面所#バスマット#楽天#楽天お買い物マラソン #購入品#楽天roomに載せてます,aesthetic,#モノトーンバトン #白黒バトン #白黒 #白黒病 #白黒インテリア #モノトーン #モノトーンインテリア #シンプルインテリア #シンプルホーム #洗面所 #バスマット #楽天 #楽天お買い物マラソン #購入品 #楽天roomに載せてます,15,@moe9646,1,❤😆💓🎶🙋🏻♀✨😍💕😁✨😊💕😂🤪❤😘,18,23,531,1,+ + お料理上手でモノトーンインテリアのセンスがめっちゃお洒落なお家に住んであたしのカリスマ的存在❤️ @moe9646 さんからの #モノトーンバトン #白黒バトン . そう、我が家にはまさにピッタリなバトンを回してくれてモエさんありがとうッ😆💓🎶 . モノトーングッズだらけでどれもpostしたいものばかりだけど、今回のマラソンで購入したバスマット🙋🏻‍♀️✨ . タオル地のバスマットでしっかり厚みもあるし何よりデザインがめっちゃ可愛い😍💕 . うちは毎日バスマットをタオル感覚で洗濯物と一緒に洗う派なので、こういうバスマットの方が洗いやすくていい😁✨ . roomにも載せてあるので気になる方はのぞいてみてくださいね😊💕 . マラソン、走り出してからのんびり駆け抜けているのでまだ完走していません😂 . でも多分オーバーランの予感🤪 . みなさんのマラソン購入品も見せてくださいね❤️ . バトンはあたしと同じくモノトーンを愛してやまない人達に回しちゃうよ😘 . #白黒#白黒病 #白黒インテリア #モノトーン#モノトーンインテリア#シンプルインテリア#シンプルホーム#洗面所#バスマット#楽天#楽天お買い物マラソン #購入品#楽天roomに載せてます,False,False,False,home decor and monochrome style,educational,True,3,people interested in interior design and monochrome style
"Qui part au ski cette année ? ⛷🎿
#laclusaz #rhonealpes #ski #sunset",Qui part au ski cette année ? ⛷🎿 #laclusaz #rhonealpes #ski #sunset,general,#laclusaz #rhonealpes #ski #sunset,4,,0,⛷🎿,2,8,67,1,Qui part au ski cette année ? ⛷🎿 #laclusaz #rhonealpes #ski #sunset,True,False,False,skiing and travel,casual,True,2,people who enjoy skiing and travel
"sigo em busca de uma foto da @luizaferraz que eu não goste 😍
sério, Lu, vc ❤️ #provemais","sigo em busca de uma foto da @luizaferraz que eu não goste 😍 sério, Lu, vc ❤️ #provemais",motivational,#provemais,1,@luizaferraz,1,😍❤,2,16,88,1,"sigo em busca de uma foto da @luizaferraz que eu não goste 😍 sério, Lu, vc ❤️ #provemais",False,False,False,appreciation for someone,inspirational,False,4,fans of Luiza Ferraz and people who appreciate positivity
"Walking all day with my style on fire, that's what i gotta do!

@labelfadlad @hm_man @hummelindia","Walking all day with my style on fire, that's what i gotta do! @labelfadlad @hm_man @hummelindia",motivational,,0,@labelfadlad @hm_man @hummelindia,3,,0,13,96,1,"Walking all day with my style on fire, that's what i gotta do! @labelfadlad @hm_man @hummelindia",False,True,False,confidence and self-expression,casual,False,4,young adults
"Went to New York, bought a Yankees cap, ate too much, spent all my money & nearly froze to death. It was worth it. 
#NYC","Went to New York, bought a Yankees cap, ate too much, spent all my money & nearly froze to death. It was worth it. #NYC",funny,#NYC,1,,0,,0,24,119,1,"Went to New York, bought a Yankees cap, ate too much, spent all my money & nearly froze to death. It was worth it. #NYC",False,False,False,travel and self-deprecation,playful,False,5,travel enthusiasts and humor lovers
Kinda funny how I used to hate pink 😂,Kinda funny how I used to hate pink 😂,funny,,0,,0,😂,1,9,37,1,Kinda funny how I used to hate pink 😂,False,False,False,personal preferences and humor,playful,False,3,casual followers
Tschüss Montag 💥 #mondaymadness #byebye #afterwork #mood #fromwhereisit #cozy #eveningmood #metoday #afterworkflow #cozytime #autumnfeels #leoprint #socks,Tschüss Montag 💥 #mondaymadness #byebye #afterwork #mood #fromwhereisit #cozy #eveningmood #metoday #afterworkflow #cozytime #autumnfeels #leoprint #socks,aesthetic,#mondaymadness #byebye #afterwork #mood #fromwhereisit #cozy #eveningmood #metoday #afterworkflow #cozytime #autumnfeels #leoprint #socks,13,,0,💥,1,3,154,1,Tschüss Montag 💥 #mondaymadness #byebye #afterwork #mood #fromwhereisit #cozy #eveningmood #metoday #afterworkflow #cozytime #autumnfeels #leoprint #socks,False,False,False,relaxation and coziness,casual,False,2,those who appreciate cozy vibes
"#멘소래담 #아크네스
뷰라벨이라면 믿어 의심치 않쑵네당
극한의 추위와 바람에도 피부 속 수분 유지 68.51%로 뷰라벨 수분크림 선정👍 세상에 얼굴 피부도 모자라서 수분테스트하는 손등까지 쩍쩍 갈라짐;; 젤타입 크림이라서 헤비하지 않게 하지만 보습력은 쵝오! 멘소래담은 원래 트러블케어 전문 브랜드잖아요~ 요 아이는 수분충전은 물론 트러블 진정효과까지 있기 때문에 올겨울 수분크림으로 구매각❤️
피부 속까지 완전 촠촠 하루종일 초크초크한 이 기분 얼마만인게냐 *아크네스로부터 제품을 제공받아 작성하였습니다 
#겟잇뷰티#뷰라벨수분크림#속건조보습템#모이스처크림#수분크림#수분보습크림#뷰라벨크림#수분크림추천 #AD",#멘소래담 #아크네스 뷰라벨이라면 믿어 의심치 않쑵네당 극한의 추위와 바람에도 피부 속 수분 유지 68.51%로 뷰라벨 수분크림 선정👍 세상에 얼굴 피부도 모자라서 수분테스트하는 손등까지 쩍쩍 갈라짐;; 젤타입 크림이라서 헤비하지 않게 하지만 보습력은 쵝오! 멘소래담은 원래 트러블케어 전문 브랜드잖아요~ 요 아이는 수분충전은 물론 트러블 진정효과까지 있기 때문에 올겨울 수분크림으로 구매각❤️ 피부 속까지 완전 촠촠 하루종일 초크초크한 이 기분 얼마만인게냐 *아크네스로부터 제품을 제공받아 작성하였습니다 #겟잇뷰티#뷰라벨수분크림#속건조보습템#모이스처크림#수분크림#수분보습크림#뷰라벨크림#수분크림추천 #AD,general,#멘소래담 #아크네스 #겟잇뷰티 #뷰라벨수분크림 #속건조보습템 #모이스처크림 #수분크림 #수분보습크림 #뷰라벨크림 #수분크림추천 #AD,11,,0,👍❤,2,59,339,1,#멘소래담 #아크네스 뷰라벨이라면 믿어 의심치 않쑵네당 극한의 추위와 바람에도 피부 속 수분 유지 68.51%로 뷰라벨 수분크림 선정👍 세상에 얼굴 피부도 모자라서 수분테스트하는 손등까지 쩍쩍 갈라짐;; 젤타입 크림이라서 헤비하지 않게 하지만 보습력은 쵝오! 멘소래담은 원래 트러블케어 전문 브랜드잖아요~ 요 아이는 수분충전은 물론 트러블 진정효과까지 있기 때문에 올겨울 수분크림으로 구매각❤️ 피부 속까지 완전 촠촠 하루종일 초크초크한 이 기분 얼마만인게냐 *아크네스로부터 제품을 제공받아 작성하였습니다 #겟잇뷰티#뷰라벨수분크림#속건조보습템#모이스처크림#수분크림#수분보습크림#뷰라벨크림#수분크림추천 #AD,False,True,False,product review and skincare,educational,False,1,skincare enthusiasts
His face on here describes exactly how i felt when i had to go to work this morning 😂😂 but nonetheless S/o to MLK for all the positive gems he dropped on the world. ✊🏾 #MLK,His face on here describes exactly how i felt when i had to go to work this morning 😂😂 but nonetheless S/o to MLK for all the positive gems he dropped on the world. ✊🏾 #MLK,funny,#MLK,1,,0,😂😂✊🏾,4,35,172,1,His face on here describes exactly how i felt when i had to go to work this morning 😂😂 but nonetheless S/o to MLK for all the positive gems he dropped on the world. ✊🏾 #MLK,False,False,False,relating to a meme and appreciating a historical figure,playful,False,5,humor lovers and those who appreciate history
Springing into the upcoming season with new favorite natural #momessentials🌷. More about ‘em on the blog {link in bio}.,Springing into the upcoming season with new favorite natural #momessentials🌷. More about ‘em on the blog {link in bio}.,aesthetic,#momessentials,1,,0,🌷,1,19,119,1,Springing into the upcoming season with new favorite natural #momessentials🌷. More about ‘em on the blog {link in bio}.,False,False,False,natural products and spring season,inspirational,True,4,health-conscious individuals and nature lovers
oh so cozy in @princesspollyboutique ✨ make sure you check out my stories for a try-on haul! & you can use my discount code XOAM for 20% off 🙆🏻‍♀️,oh so cozy in @princesspollyboutique ✨ make sure you check out my stories for a try-on haul! & you can use my discount code XOAM for 20% off 🙆🏻‍♀️,aesthetic,,0,@princesspollyboutique,1,✨🙆🏻♀,4,28,146,1,oh so cozy in @princesspollyboutique ✨ make sure you check out my stories for a try-on haul! & you can use my discount code XOAM for 20% off 🙆🏻‍♀️,False,True,False,fashion and comfort,casual,True,3,fashion enthusiasts
Il paraît que #miniWolff est une fille 🎀 !,Il paraît que #miniWolff est une fille 🎀 !,general,#miniWolff,1,,0,🎀,1,8,42,1,Il paraît que #miniWolff est une fille 🎀 !,False,True,False,personal announcement,casual,False,2,friends and family
"holdin' it down for my hometown ✊🏻ft. @imogeneandwillie 
www.irisandpoppy.com",holdin' it down for my hometown ✊🏻ft. @imogeneandwillie www.irisandpoppy.com,motivational,,0,@imogeneandwillie,1,✊🏻,2,8,76,1,holdin' it down for my hometown ✊🏻ft. @imogeneandwillie www.irisandpoppy.com,False,False,False,community pride and support,inspirational,True,4,local community and supporters
Ralph Breaks The Internet comes out on Blu-ray and DVD on 2/24. Enter to win a digital copy on the blog. There will 4 winners!! #RalphBreaksTheInternet,Ralph Breaks The Internet comes out on Blu-ray and DVD on 2/24. Enter to win a digital copy on the blog. There will 4 winners!! #RalphBreaksTheInternet,general,#RalphBreaksTheInternet,1,,0,,0,25,151,1,Ralph Breaks The Internet comes out on Blu-ray and DVD on 2/24. Enter to win a digital copy on the blog. There will 4 winners!! #RalphBreaksTheInternet,False,True,False,New movie release and giveaway,casual,True,3,Movie fans
routine morning pep talk and outfit approval from my pupper. she stared me up and down in the most judgey way before snapping this pic. 😒🤦🏼‍♀️🐶,routine morning pep talk and outfit approval from my pupper. she stared me up and down in the most judgey way before snapping this pic. 😒🤦🏼‍♀️🐶,funny,,0,,0,😒🤦🏼♀🐶,5,26,143,1,routine morning pep talk and outfit approval from my pupper. she stared me up and down in the most judgey way before snapping this pic. 😒🤦🏼‍♀️🐶,False,False,False,Morning routine with a pet,playful,False,4,Pet owners and young adults
Caption this photo of @thejoefu and @okmayday 😂,Caption this photo of @thejoefu and @okmayday 😂,funny,,0,@thejoefu @okmayday,2,😂,1,6,47,1,Caption this photo of @thejoefu and @okmayday 😂,False,False,False,Photo caption challenge,playful,True,5,Social media users who enjoy humor
"Boredom part 2 📷: Sony a6000
Edited with @enlightquickshot",Boredom part 2 📷: Sony a6000 Edited with @enlightquickshot,aesthetic,,0,@enlightquickshot,1,📷,1,8,58,1,Boredom part 2 📷: Sony a6000 Edited with @enlightquickshot,False,False,False,Photography and editing,casual,False,2,Photography enthusiasts
DUKE SURVIVES! 😱 (1) Duke hangs on against (4) Virginia Tech and advances to a matchup with (2) Michigan State in the #Elite8! #MarchMadness⁠ ⁠,DUKE SURVIVES! 😱 (1) Duke hangs on against (4) Virginia Tech and advances to a matchup with (2) Michigan State in the #Elite8! #MarchMadness⁠ ⁠,general,#Elite8 #MarchMadness,2,,0,😱,1,25,143,1,DUKE SURVIVES! 😱 (1) Duke hangs on against (4) Virginia Tech and advances to a matchup with (2) Michigan State in the #Elite8! #MarchMadness⁠ ⁠,False,True,False,Sports news and update,excited,False,5,Sports fans
"Are you ready for a new week? 🌴💃🌴
°
°
°
°
°
@kidinterior
@interior4ever @interior_delux @interiorallforyou @jysknorge @jysksverige @jungalow @nordsjonorge @nlm_gjenbruk @sostrenegrene @skeidarnorge",Are you ready for a new week? 🌴💃🌴 ° ° ° ° ° @kidinterior @interior4ever @interior_delux @interiorallforyou @jysknorge @jysksverige @jungalow @nordsjonorge @nlm_gjenbruk @sostrenegrene @skeidarnorge,aesthetic,,0,@kidinterior @interior4ever @interior_delux @interiorallforyou @jysknorge @jysksverige @jungalow @nordsjonorge @nlm_gjenbruk @sostrenegrene @skeidarnorge,11,🌴💃🌴,3,13,197,1,Are you ready for a new week? 🌴💃🌴 ° ° ° ° ° @kidinterior @interior4ever @interior_delux @interiorallforyou @jysknorge @jysksverige @jungalow @nordsjonorge @nlm_gjenbruk @sostrenegrene @skeidarnorge,True,False,False,Home decor and interior design,inspirational,True,3,Home decor enthusiasts
"901 shelby drive look alive look alive -
-
D R A K E  tonighttt 😈",901 shelby drive look alive look alive - - D R A K E tonighttt 😈,general,,0,,0,😈,1,16,64,1,901 shelby drive look alive look alive - - D R A K E tonighttt 😈,False,False,False,Event announcement and promotion,excited,True,4,Music fans
"Moving seamlessly and stylishly through the next few weeks and months with the new season pieces from @labelfadlad 
#Bespoke #Minimalist
A/W18",Moving seamlessly and stylishly through the next few weeks and months with the new season pieces from @labelfadlad #Bespoke #Minimalist A/W18,aesthetic,#Bespoke #Minimalist,2,@labelfadlad,1,,0,18,141,1,Moving seamlessly and stylishly through the next few weeks and months with the new season pieces from @labelfadlad #Bespoke #Minimalist A/W18,False,False,False,Fashion and style,professional,True,2,Fashion enthusiasts
Early morning #tumbling session. Thanks for the new #olaf practice wear. #cheer #cheerleaders #cheerleader #cheerleading,Early morning #tumbling session. Thanks for the new #olaf practice wear. #cheer #cheerleaders #cheerleader #cheerleading,general,#tumbling #olaf #cheer #cheerleaders #cheerleader #cheerleading,6,,0,,0,9,120,1,Early morning #tumbling session. Thanks for the new #olaf practice wear. #cheer #cheerleaders #cheerleader #cheerleading,False,False,False,Personal update and sports activity,casual,False,2,Sports enthusiasts and young adults
"The REAL #GRAMMYs event was backstage 🏆! See what went down at the link in our bio. What was your fave moment of the night?
.
.
. #MarenMorris #JohnMayer #GrammyAwards (Pic: @GettyImages)",The REAL #GRAMMYs event was backstage 🏆! See what went down at the link in our bio. What was your fave moment of the night? . . . #MarenMorris #JohnMayer #GrammyAwards (Pic: @GettyImages),general,#GRAMMYs #MarenMorris #JohnMayer #GrammyAwards,4,@GettyImages,1,🏆,1,29,187,1,The REAL #GRAMMYs event was backstage 🏆! See what went down at the link in our bio. What was your fave moment of the night? . . . #MarenMorris #JohnMayer #GrammyAwards (Pic: @GettyImages),True,True,False,Event recap and behind-the-scenes,inspirational,True,4,Music fans and entertainment enthusiasts
It’s always good to go home. Even if your house is on wheels. 🚙 #2travelingdogs #wednesdaywisdom #home #rv,It’s always good to go home. Even if your house is on wheels. 🚙 #2travelingdogs #wednesdaywisdom #home #rv,general,#2travelingdogs #wednesdaywisdom #home #rv,4,,0,🚙,1,14,106,1,It’s always good to go home. Even if your house is on wheels. 🚙 #2travelingdogs #wednesdaywisdom #home #rv,False,False,False,travel and home,casual,False,3,travel enthusiasts and pet owners
This is our favorite blog post of the year! The results from our recent reader survey are in and all the juicy details are up on GYPO today! Just follow the link to the blog in our profile.,This is our favorite blog post of the year! The results from our recent reader survey are in and all the juicy details are up on GYPO today! Just follow the link to the blog in our profile.,general,,0,,0,,0,38,189,1,This is our favorite blog post of the year! The results from our recent reader survey are in and all the juicy details are up on GYPO today! Just follow the link to the blog in our profile.,False,True,False,blog post announcement,professional,True,4,blog readers and subscribers
"Don't let people treat you like a cigarette, they only use when they're bored and step on you when they're done. Be like drugs, let them die for you.","Don't let people treat you like a cigarette, they only use when they're bored and step on you when they're done. Be like drugs, let them die for you.",motivational,,0,,0,,0,29,149,1,"Don't let people treat you like a cigarette, they only use when they're bored and step on you when they're done. Be like drugs, let them die for you.",False,False,False,self-respect and empowerment,inspirational,False,5,young adults and those seeking motivation
@travisscott x @playboicarti “Houdini”,@travisscott x @playboicarti “Houdini”,aesthetic,,0,@travisscott @playboicarti,2,,0,2,38,1,@travisscott x @playboicarti “Houdini”,False,False,False,music and art,casual,False,2,music fans and art enthusiasts
It’s a PARTI at @agave_cantina Bertrand! Come see how to win a hoodie! 💚💜💛#Partigras,It’s a PARTI at @agave_cantina Bertrand! Come see how to win a hoodie! 💚💜💛#Partigras,funny,#Partigras,1,@agave_cantina,1,💚💜💛,3,13,84,1,It’s a PARTI at @agave_cantina Bertrand! Come see how to win a hoodie! 💚💜💛#Partigras,False,True,False,party and event promotion,playful,True,4,young adults and party-goers
"Photography by 📸 @_thesilk

#54artistry #monochrome #black #melanin #art #beauty",Photography by 📸 @_thesilk #54artistry #monochrome #black #melanin #art #beauty,aesthetic,#54artistry #monochrome #black #melanin #art #beauty,6,@_thesilk,1,📸,1,3,79,1,Photography by 📸 @_thesilk #54artistry #monochrome #black #melanin #art #beauty,False,False,False,photography and beauty,professional,False,3,photography enthusiasts and beauty fans
"#NUXE 뭘해도 뭘발라도 건조한 #환절기 에는 역시 오일이 정답인가봐요😭 가만있어도 건조한데 날씨까지 보태주니 요즘 내 피부 최악;; #건성피부 를 위해 탄생한 눅스 신제품 윌 프로디쥬스 멀티 리치오일로 #스킨케어 하고 있는데, 정말 대만족이에요ㅎ
눅스식물연구소에서 7가지 고급식물성오일이 담긴 #보습레시피 로 건조하고 민감해진 피부를 건강하고 탄탄하게 만들어준답니다+_+ #페이스오일 겸 #멀티오일 이라서 머리부터 발끝까지! 스프레이타입이라 사용하기도 편해욤! 이번 가을, 겨울은 #눅스리치오일 과 함께 버텨본다...!!
@nuxekorea
@Oliveyoung_official","#NUXE 뭘해도 뭘발라도 건조한 #환절기 에는 역시 오일이 정답인가봐요😭 가만있어도 건조한데 날씨까지 보태주니 요즘 내 피부 최악;; #건성피부 를 위해 탄생한 눅스 신제품 윌 프로디쥬스 멀티 리치오일로 #스킨케어 하고 있는데, 정말 대만족이에요ㅎ 눅스식물연구소에서 7가지 고급식물성오일이 담긴 #보습레시피 로 건조하고 민감해진 피부를 건강하고 탄탄하게 만들어준답니다+_+ #페이스오일 겸 #멀티오일 이라서 머리부터 발끝까지! 스프레이타입이라 사용하기도 편해욤! 이번 가을, 겨울은 #눅스리치오일 과 함께 버텨본다...!! @nuxekorea @Oliveyoung_official",general,#NUXE #환절기 #건성피부 #스킨케어 #보습레시피 #페이스오일 #멀티오일 #눅스리치오일,8,@nuxekorea @Oliveyoung_official,2,😭,1,52,325,1,"#NUXE 뭘해도 뭘발라도 건조한 #환절기 에는 역시 오일이 정답인가봐요😭 가만있어도 건조한데 날씨까지 보태주니 요즘 내 피부 최악;; #건성피부 를 위해 탄생한 눅스 신제품 윌 프로디쥬스 멀티 리치오일로 #스킨케어 하고 있는데, 정말 대만족이에요ㅎ 눅스식물연구소에서 7가지 고급식물성오일이 담긴 #보습레시피 로 건조하고 민감해진 피부를 건강하고 탄탄하게 만들어준답니다+_+ #페이스오일 겸 #멀티오일 이라서 머리부터 발끝까지! 스프레이타입이라 사용하기도 편해욤! 이번 가을, 겨울은 #눅스리치오일 과 함께 버텨본다...!! @nuxekorea @Oliveyoung_official",False,True,False,skincare and product review,casual,False,3,skincare enthusiasts and beauty bloggers
"Johnny Quest thinks we’re sellouts... @lessthanjake at @scallywagfest! .
.
.
.
#91X #lessthanjake #scallywagsd #scallywagfest #ska",Johnny Quest thinks we’re sellouts... @lessthanjake at @scallywagfest! . . . . #91X #lessthanjake #scallywagsd #scallywagfest #ska,funny,#91X #lessthanjake #scallywagsd #scallywagfest #ska,5,@lessthanjake @scallywagfest,2,,0,11,130,1,Johnny Quest thinks we’re sellouts... @lessthanjake at @scallywagfest! . . . . #91X #lessthanjake #scallywagsd #scallywagfest #ska,False,True,False,music and festival promotion,playful,False,4,music fans and festival-goers
"라면은 2주에 한번씩만 ㅋ
그래서 약간 멋부려서 끓여주심

아 세상 맛있어😭

숙주 대박👍 반숙(?)계란도 대박👍

면을 별로 안 먹는 남편덕분에
내가 맨날 두개 먹네 아놔 😡

열열히 먹으라고 나처럼.
이게 인생의 마지막 라면인것처럼. 
근데 아직 소화가 안돼서 잠을 잘 수가 없다 흑흑흑
& 라면에 당면만두는 좀 아닌걸로 ㅋ

#밀가루 먹고나면 밀려드는 #불안감
#잘자는공주님 덕분에 유선막힐까봐 매일밤 #노심초사 그럼에도 불구하고 매일밤 먹어대는 야식 #한숨 #야식은사랑 #라면스타그램 #야식스타그램 #푸드파이터 #남자보다많이먹음 #맛있다그램 #맛스타그램 #라면 💕💗💕",라면은 2주에 한번씩만 ㅋ 그래서 약간 멋부려서 끓여주심 아 세상 맛있어😭 숙주 대박👍 반숙(?)계란도 대박👍 면을 별로 안 먹는 남편덕분에 내가 맨날 두개 먹네 아놔 😡 열열히 먹으라고 나처럼. 이게 인생의 마지막 라면인것처럼. 근데 아직 소화가 안돼서 잠을 잘 수가 없다 흑흑흑 & 라면에 당면만두는 좀 아닌걸로 ㅋ #밀가루 먹고나면 밀려드는 #불안감 #잘자는공주님 덕분에 유선막힐까봐 매일밤 #노심초사 그럼에도 불구하고 매일밤 먹어대는 야식 #한숨 #야식은사랑 #라면스타그램 #야식스타그램 #푸드파이터 #남자보다많이먹음 #맛있다그램 #맛스타그램 #라면 💕💗💕,funny,#밀가루 #불안감 #잘자는공주님 #노심초사 #한숨 #야식은사랑 #라면스타그램 #야식스타그램 #푸드파이터 #남자보다많이먹음 #맛있다그램 #맛스타그램 #라면,13,,0,😭👍👍😡💕💗💕,7,59,315,1,라면은 2주에 한번씩만 ㅋ 그래서 약간 멋부려서 끓여주심 아 세상 맛있어😭 숙주 대박👍 반숙(?)계란도 대박👍 면을 별로 안 먹는 남편덕분에 내가 맨날 두개 먹네 아놔 😡 열열히 먹으라고 나처럼. 이게 인생의 마지막 라면인것처럼. 근데 아직 소화가 안돼서 잠을 잘 수가 없다 흑흑흑 & 라면에 당면만두는 좀 아닌걸로 ㅋ #밀가루 먹고나면 밀려드는 #불안감 #잘자는공주님 덕분에 유선막힐까봐 매일밤 #노심초사 그럼에도 불구하고 매일밤 먹어대는 야식 #한숨 #야식은사랑 #라면스타그램 #야식스타그램 #푸드파이터 #남자보다많이먹음 #맛있다그램 #맛스타그램 #라면 💕💗💕,True,False,False,food and personal experience,casual,False,4,foodies and young adults
Priorities ;) ☕️ First time flying for this little babe. En it’s been ages for me.  Soooo looking forward to these days!,Priorities ;) ☕️ First time flying for this little babe. En it’s been ages for me. Soooo looking forward to these days!,general,,0,,0,☕,1,22,119,1,Priorities ;) ☕️ First time flying for this little babe. En it’s been ages for me. Soooo looking forward to these days!,False,True,False,travel and personal experience,casual,False,3,travel enthusiasts and families
Check out this whimsical website banner we created for Tanworx! Enchanting!,Check out this whimsical website banner we created for Tanworx! Enchanting!,aesthetic,,0,,0,,0,11,75,1,Check out this whimsical website banner we created for Tanworx! Enchanting!,False,True,False,web design,casual,False,3,designers and artists
‪Congratulations @spaceykacey ! Winner of Album of the Year for Golden Hour! #ACMAwards ‬,‪Congratulations @spaceykacey ! Winner of Album of the Year for Golden Hour! #ACMAwards ‬,general,#ACMAwards,1,@spaceykacey,1,,0,12,89,1,‪Congratulations @spaceykacey ! Winner of Album of the Year for Golden Hour! #ACMAwards ‬,False,True,False,music awards,professional,False,4,music fans
"Double-tap to welcome Ben Kotwica, our new special teams coordinator.","Double-tap to welcome Ben Kotwica, our new special teams coordinator.",general,,0,,0,,0,10,69,1,"Double-tap to welcome Ben Kotwica, our new special teams coordinator.",False,False,False,new team member introduction,casual,True,2,sports fans
"A wicked night, suited and booted with extra sauuuce & smiles..
I mean, can you tell we’re living our best life?
@officialntas 🏆
@miwhip - Rolls Royce","A wicked night, suited and booted with extra sauuuce & smiles.. I mean, can you tell we’re living our best life? @officialntas 🏆 @miwhip - Rolls Royce",funny,,0,@officialntas @miwhip,2,🏆,1,25,150,1,"A wicked night, suited and booted with extra sauuuce & smiles.. I mean, can you tell we’re living our best life? @officialntas 🏆 @miwhip - Rolls Royce",True,False,False,night out,playful,False,5,young adults
Just a picture of a place no one has ever photographed before 💁,Just a picture of a place no one has ever photographed before 💁,aesthetic,,0,,0,💁,1,13,63,1,Just a picture of a place no one has ever photographed before 💁,False,False,False,unique photography,casual,False,4,photography enthusiasts
I've been having an awesome time in California with this dude. Go give @ryanresatka a follow. Honestly one of the most genuine people I've met 🤘,I've been having an awesome time in California with this dude. Go give @ryanresatka a follow. Honestly one of the most genuine people I've met 🤘,general,,0,@ryanresatka,1,🤘,1,25,144,1,I've been having an awesome time in California with this dude. Go give @ryanresatka a follow. Honestly one of the most genuine people I've met 🤘,False,False,False,personal friendship,casual,True,3,social media users
making this day a little more memorial 🎉🇺🇸,making this day a little more memorial 🎉🇺🇸,motivational,,0,,0,🎉,1,8,42,1,making this day a little more memorial 🎉🇺🇸,False,False,False,making the most of the day,inspirational,False,4,people looking for motivation
"Paris 🇫🇷
•
•
•
#paris #love #travel •
•
•
Ph @dagrandevogliofarelafotografa",Paris 🇫🇷 • • • #paris #love #travel • • • Ph @dagrandevogliofarelafotografa,aesthetic,#paris #love #travel,3,@dagrandevogliofarelafotografa,1,,0,9,75,1,Paris 🇫🇷 • • • #paris #love #travel • • • Ph @dagrandevogliofarelafotografa,False,False,False,travel,casual,False,3,travel enthusiasts
The @bronzebomber with Dukes and Bell!,The @bronzebomber with Dukes and Bell!,general,,0,@bronzebomber,1,,0,5,38,1,The @bronzebomber with Dukes and Bell!,False,True,False,sports interview,professional,False,2,sports fans
Promo AJ vs. Promo Spencer ✅ #PunchOut4 #budlight #ad,Promo AJ vs. Promo Spencer ✅ #PunchOut4 #budlight #ad,motivational,#PunchOut4 #budlight #ad,3,,0,✅,1,6,53,1,Promo AJ vs. Promo Spencer ✅ #PunchOut4 #budlight #ad,False,False,False,promotional event,inspirational,True,5,sports fans and event attendees
Merry Christmas from me & my little dude ❤️🎄😻 http://liketk.it/2u0n6 @liketoknow.it #liketkit #LTKholidayathome,Merry Christmas from me & my little dude ❤️🎄😻 @liketoknow.it #liketkit #LTKholidayathome,aesthetic,#liketkit #LTKholidayathome,2,@liketoknow,1,❤🎄😻,3,10,88,1,Merry Christmas from me & my little dude ❤️🎄😻 @liketoknow.it #liketkit #LTKholidayathome,False,False,True,Holiday greeting with family,casual,True,3,Family and friends
".
.
この前IKEAでの購入品♪
.
フェイクグリーンを寝室に置きました🙋🏻‍♀️🌿
.
前から寝室のテレビ横にグリーンが欲しかったのでやっとgetできて満足💓
.
モノトーンの中に緑がちょこっとあるバランス最高です🤩💓
.
他にもフェイクグリーンはたくさん売ってたけど、いかにもフェイクっぽいのが多い中コレは割とリアルな感じだったのでコレに決めました❤️
.
我が家で大活躍してるフレナチュラも寝室に1本移動😁
.
ベッドにシュッシュしたり、服についた匂いを取るために寝室にあると使い勝手がいいのでここに1本置きました🙋🏻‍♀️
.
今の時期の花粉対策にもフレナチュラいいみたいですよ〜❤️
.
#寝室#インテリア#IKEA#購入品#フェイクグリーン#緑のある暮らし #観葉植物#ダミーブック#100均#cando#バーンスター#フレナチュラ#除菌#消臭#花粉#モノトーン#モノトーンインテリア#シンプルインテリア#シンプルホーム #シンプルモダン#家#マイホーム#ダイワハウス#注文住宅",. . この前IKEAでの購入品♪ . フェイクグリーンを寝室に置きました🙋🏻‍♀️🌿 . 前から寝室のテレビ横にグリーンが欲しかったのでやっとgetできて満足💓 . モノトーンの中に緑がちょこっとあるバランス最高です🤩💓 . 他にもフェイクグリーンはたくさん売ってたけど、いかにもフェイクっぽいのが多い中コレは割とリアルな感じだったのでコレに決めました❤️ . 我が家で大活躍してるフレナチュラも寝室に1本移動😁 . ベッドにシュッシュしたり、服についた匂いを取るために寝室にあると使い勝手がいいのでここに1本置きました🙋🏻‍♀️ . 今の時期の花粉対策にもフレナチュラいいみたいですよ〜❤️ . #寝室#インテリア#IKEA#購入品#フェイクグリーン#緑のある暮らし #観葉植物#ダミーブック#100均#cando#バーンスター#フレナチュラ#除菌#消臭#花粉#モノトーン#モノトーンインテリア#シンプルインテリア#シンプルホーム #シンプルモダン#家#マイホーム#ダイワハウス#注文住宅,aesthetic,#寝室 #インテリア #IKEA #購入品 #フェイクグリーン #緑のある暮らし #観葉植物 #ダミーブック #100均 #cando #バーンスター #フレナチュラ #除菌 #消臭 #花粉 #モノトーン #モノトーンインテリア #シンプルインテリア #シンプルホーム #シンプルモダン #家 #マイホーム #ダイワハウス #注文住宅,24,,0,🙋🏻♀🌿💓🤩💓❤😁🙋🏻♀❤,13,18,446,1,. . この前IKEAでの購入品♪ . フェイクグリーンを寝室に置きました🙋🏻‍♀️🌿 . 前から寝室のテレビ横にグリーンが欲しかったのでやっとgetできて満足💓 . モノトーンの中に緑がちょこっとあるバランス最高です🤩💓 . 他にもフェイクグリーンはたくさん売ってたけど、いかにもフェイクっぽいのが多い中コレは割とリアルな感じだったのでコレに決めました❤️ . 我が家で大活躍してるフレナチュラも寝室に1本移動😁 . ベッドにシュッシュしたり、服についた匂いを取るために寝室にあると使い勝手がいいのでここに1本置きました🙋🏻‍♀️ . 今の時期の花粉対策にもフレナチュラいいみたいですよ〜❤️ . #寝室#インテリア#IKEA#購入品#フェイクグリーン#緑のある暮らし #観葉植物#ダミーブック#100均#cando#バーンスター#フレナチュラ#除菌#消臭#花粉#モノトーン#モノトーンインテリア#シンプルインテリア#シンプルホーム #シンプルモダン#家#マイホーム#ダイワハウス#注文住宅,False,False,False,Home decor and furniture,casual,False,2,Home decor enthusiasts
desejo que o crush olhe pra vcs como eu olho pra hambúrguer e batata frita,desejo que o crush olhe pra vcs como eu olho pra hambúrguer e batata frita,funny,,0,,0,,0,15,74,1,desejo que o crush olhe pra vcs como eu olho pra hambúrguer e batata frita,False,False,False,Crush comparison to food,playful,False,4,Young adults
FALL’in for Steamboat 🍁🍂 #optoutside #fall #steamboat #colorado #coloradical #hikingwithdogs #hikingadventures #bestfriendgoals #hiking_daily #friyay #friday #bffs #coloradogram,FALL’in for Steamboat 🍁🍂 #optoutside #fall #steamboat #colorado #coloradical #hikingwithdogs #hikingadventures #bestfriendgoals #hiking_daily #friyay #friday #bffs #coloradogram,aesthetic,#optoutside #fall #steamboat #colorado #coloradical #hikingwithdogs #hikingadventures #bestfriendgoals #hiking_daily #friyay #friday #bffs #coloradogram,13,,0,🍁🍂,2,4,177,1,FALL’in for Steamboat 🍁🍂 #optoutside #fall #steamboat #colorado #coloradical #hikingwithdogs #hikingadventures #bestfriendgoals #hiking_daily #friyay #friday #bffs #coloradogram,False,False,False,Outdoor activities and travel,casual,False,3,Outdoor enthusiasts
🇲🇽 #mexico #football #russiaworldcup2018 #fifaworldcup2018 #russia2018,🇲🇽 #mexico #football #russiaworldcup2018 #fifaworldcup2018 #russia2018,general,#mexico #football #russiaworldcup2018 #fifaworldcup2018 #russia2018,5,,0,,0,1,70,1,🇲🇽 #mexico #football #russiaworldcup2018 #fifaworldcup2018 #russia2018,False,False,False,Sports and event promotion,professional,False,1,Sports fans
Modern life has us all running around like maniacs with precious little time to ourselves. 🌚,Modern life has us all running around like maniacs with precious little time to ourselves. 🌚,motivational,,0,,0,🌚,1,16,92,1,Modern life has us all running around like maniacs with precious little time to ourselves. 🌚,False,False,False,Self-reflection and mindfulness,inspirational,False,4,Adults seeking motivation
"na minha opinião de taurina 1000%, viajar tem que ser uma mistura doida de descanso e comida gostosa com aventura e pé doendo de tanto explorar o destino :) e vcs?","na minha opinião de taurina 1000%, viajar tem que ser uma mistura doida de descanso e comida gostosa com aventura e pé doendo de tanto explorar o destino :) e vcs?",motivational,,0,,0,,0,31,163,1,"na minha opinião de taurina 1000%, viajar tem que ser uma mistura doida de descanso e comida gostosa com aventura e pé doendo de tanto explorar o destino :) e vcs?",True,False,False,Travel and exploration,inspirational,False,3,Travel enthusiasts
"💗
음??
하루하루지날수록 뭔가 얄미워지는 느낌이닷
.
.
.
.
.
#육아소통 #육아스타그램 #베이비 #유아 #딸맘 #딸스타그램 #베이비그램 #셀카그램 #공쥬님 #요망한것 #요망한눈빛",💗 음?? 하루하루지날수록 뭔가 얄미워지는 느낌이닷 . . . . . #육아소통 #육아스타그램 #베이비 #유아 #딸맘 #딸스타그램 #베이비그램 #셀카그램 #공쥬님 #요망한것 #요망한눈빛,aesthetic,#육아소통 #육아스타그램 #베이비 #유아 #딸맘 #딸스타그램 #베이비그램 #셀카그램 #공쥬님 #요망한것 #요망한눈빛,11,,0,💗,1,11,103,1,💗 음?? 하루하루지날수록 뭔가 얄미워지는 느낌이닷 . . . . . #육아소통 #육아스타그램 #베이비 #유아 #딸맘 #딸스타그램 #베이비그램 #셀카그램 #공쥬님 #요망한것 #요망한눈빛,True,False,False,Motherhood and parenting,casual,False,2,Mothers and parents
But who wants an easy life? It‘s boring! 🌿 #hauptsache #die #hände #irgendwo #girl #ink #inked #leo #ootd #plants #inspiration #denimdays #lookoftheday #like #follow #tbt,But who wants an easy life? It‘s boring! 🌿 #hauptsache #die #hände #irgendwo #girl #ink #inked #leo #ootd #plants #inspiration #denimdays #lookoftheday #like #follow #tbt,motivational,#hauptsache #die #hände #irgendwo #girl #ink #inked #leo #ootd #plants #inspiration #denimdays #lookoftheday #like #follow #tbt,16,,0,🌿,1,9,170,1,But who wants an easy life? It‘s boring! 🌿 #hauptsache #die #hände #irgendwo #girl #ink #inked #leo #ootd #plants #inspiration #denimdays #lookoftheday #like #follow #tbt,True,True,False,Embracing challenges and difficulty,inspirational,True,5,Young adults seeking motivation
California dreamin’ 🌴 @hellomolly,California dreamin’ 🌴 @hellomolly,aesthetic,,0,@hellomolly,1,🌴,1,3,33,1,California dreamin’ 🌴 @hellomolly,False,False,False,Travel and California dreamin',casual,True,3,Travel enthusiasts and California fans
"Adquira já sua linha na nossa loja.
Sempre Bella do calçadão com os melhores produtos. 💖",Adquira já sua linha na nossa loja. Sempre Bella do calçadão com os melhores produtos. 💖,general,,0,,0,💖,1,16,88,1,Adquira já sua linha na nossa loja. Sempre Bella do calçadão com os melhores produtos. 💖,False,False,False,store promotion,casual,True,2,customers
MES chaussuresssss du CLUB MONACOOO 💕💕💕💕 JSUIS Amoureuseeeee 💕💕💕💕 @clubmonaco,MES chaussuresssss du CLUB MONACOOO 💕💕💕💕 JSUIS Amoureuseeeee 💕💕💕💕 @clubmonaco,aesthetic,,0,@clubmonaco,1,💕💕💕💕💕💕💕💕,8,9,77,1,MES chaussuresssss du CLUB MONACOOO 💕💕💕💕 JSUIS Amoureuseeeee 💕💕💕💕 @clubmonaco,False,False,False,fashion and luxury,playful,False,4,fashion enthusiasts
"Pati ❤️💙
Será guardada com muito amor no álbum de lembranças do Davi 💙.",Pati ❤️💙 Será guardada com muito amor no álbum de lembranças do Davi 💙.,general,,0,,0,❤💙💙,3,14,71,1,Pati ❤️💙 Será guardada com muito amor no álbum de lembranças do Davi 💙.,False,False,False,personal update,casual,False,1,friends and family
"#thebig4
DJ had a blast his first trip to @disneyland! 
#birthdayfun #latepost #disneyland #disney #ears #mickeyears #childhoodunplugged #childhoodmemories #specialmoments",#thebig4 DJ had a blast his first trip to @disneyland! #birthdayfun #latepost #disneyland #disney #ears #mickeyears #childhoodunplugged #childhoodmemories #specialmoments,general,#thebig4 #birthdayfun #latepost #disneyland #disney #ears #mickeyears #childhoodunplugged #childhoodmemories #specialmoments,10,@disneyland,1,,0,9,170,1,#thebig4 DJ had a blast his first trip to @disneyland! #birthdayfun #latepost #disneyland #disney #ears #mickeyears #childhoodunplugged #childhoodmemories #specialmoments,False,True,False,personal experience,casual,False,3,parents and kids
"E a segunda-feira começou no clima do #OutubroRosa. Apoiando a campanha, @10neto comentou, no #TardeBandNews, sobre os jogos do Campeonato Brasileiro desse fim de semana.
#bandnews #esporte","E a segunda-feira começou no clima do #OutubroRosa. Apoiando a campanha, @10neto comentou, no #TardeBandNews, sobre os jogos do Campeonato Brasileiro desse fim de semana. #bandnews #esporte",general,#OutubroRosa #TardeBandNews #bandnews #esporte,4,@10neto,1,,0,24,189,1,"E a segunda-feira começou no clima do #OutubroRosa. Apoiando a campanha, @10neto comentou, no #TardeBandNews, sobre os jogos do Campeonato Brasileiro desse fim de semana. #bandnews #esporte",False,False,False,news and awareness,professional,False,2,general public
"🍁❄
Passion.. #RUN 🍁 & #SKI ❄
Thanks to @_babi_ink_
#love #loveit #passion #tattoo #me #tattoos #addicted #instaday #today #picoftheday #me #lover #colors #colorful #power #nature #body #art",🍁❄ Passion.. #RUN 🍁 & #SKI ❄ Thanks to @_babi_ink_ #love #loveit #passion #tattoo #me #tattoos #addicted #instaday #today #picoftheday #me #lover #colors #colorful #power #nature #body #art,aesthetic,#RUN #SKI #love #loveit #passion #tattoo #me #tattoos #addicted #instaday #today #picoftheday #me #lover #colors #colorful #power #nature #body #art,20,@_babi_ink_,1,🍁❄🍁❄,4,7,189,1,🍁❄ Passion.. #RUN 🍁 & #SKI ❄ Thanks to @_babi_ink_ #love #loveit #passion #tattoo #me #tattoos #addicted #instaday #today #picoftheday #me #lover #colors #colorful #power #nature #body #art,False,False,False,passion and hobbies,inspirational,False,4,outdoor enthusiasts
"Paleta? 🍭👅#yummy
•
•
#paleta #popsicle #happy #sunny #summer #miami #wynwood #360val",Paleta? 🍭👅#yummy • • #paleta #popsicle #happy #sunny #summer #miami #wynwood #360val,aesthetic,#yummy #paleta #popsicle #happy #sunny #summer #miami #wynwood #360val,9,,0,🍭👅,2,4,84,1,Paleta? 🍭👅#yummy • • #paleta #popsicle #happy #sunny #summer #miami #wynwood #360val,True,False,False,food and summer,playful,False,3,foodies and summer lovers
The #KJ103 staff is ready. 🎃  Who has the best costume? @janetkj103 @radiojrod @tjjanetjrod @jjryanonair @fritoontheradio #Halloween #HappyHalloween,The #KJ103 staff is ready. 🎃 Who has the best costume? @janetkj103 @radiojrod @tjjanetjrod @jjryanonair @fritoontheradio #Halloween #HappyHalloween,funny,#KJ103 #Halloween #HappyHalloween,3,@janetkj103 @radiojrod @tjjanetjrod @jjryanonair @fritoontheradio,5,🎃,1,10,147,1,The #KJ103 staff is ready. 🎃 Who has the best costume? @janetkj103 @radiojrod @tjjanetjrod @jjryanonair @fritoontheradio #Halloween #HappyHalloween,True,False,False,Halloween costumes,playful,True,4,Halloween enthusiasts
Had a great time in Port Stevens with my love 😚💕 #charmainekirstentravel #portstevens,Had a great time in Port Stevens with my love 😚💕 #charmainekirstentravel #portstevens,general,#charmainekirstentravel #portstevens,2,,0,😚💕,2,11,85,1,Had a great time in Port Stevens with my love 😚💕 #charmainekirstentravel #portstevens,False,False,False,travel and relationships,casual,False,2,travelers and couples
"11 MONTHS OLD 
You guys... 😭 in four weeks this little guy is going to be one year old! I can't believe how fast he's growing and how much fun this next year will be watching him grow 👶🏻",11 MONTHS OLD You guys... 😭 in four weeks this little guy is going to be one year old! I can't believe how fast he's growing and how much fun this next year will be watching him grow 👶🏻,general,,0,,0,😭👶🏻,3,39,185,1,11 MONTHS OLD You guys... 😭 in four weeks this little guy is going to be one year old! I can't believe how fast he's growing and how much fun this next year will be watching him grow 👶🏻,False,True,False,personal milestone,inspirational,False,5,parents and families
The best of my life is you.....#first6months #mylove #mydaughter,The best of my life is you.....#first6months #mylove #mydaughter,aesthetic,#first6months #mylove #mydaughter,3,,0,,0,7,64,1,The best of my life is you.....#first6months #mylove #mydaughter,False,False,False,love and daughter,casual,False,4,new parents and family
#ad I'm definitely planning for fireworks with my July 4th #nailart with @SallyHansen! #sallytips  http://ow.ly/yuyB7,#ad I'm definitely planning for fireworks with my July 4th #nailart with @SallyHansen! #sallytips,general,#ad #nailart #sallytips,3,@SallyHansen,1,,0,11,97,1,#ad I'm definitely planning for fireworks with my July 4th #nailart with @SallyHansen! #sallytips,False,True,True,nail art product promotion,casual,True,3,beauty enthusiasts and nail art fans
Can’t please everyone and life is a lot less stressful when you stop trying to 🤷🏻‍♀️⭐️ P.s this is my fave filter for selfies,Can’t please everyone and life is a lot less stressful when you stop trying to 🤷🏻‍♀️⭐️ P.s this is my fave filter for selfies,motivational,,0,,0,🤷🏻♀⭐,4,24,125,1,Can’t please everyone and life is a lot less stressful when you stop trying to 🤷🏻‍♀️⭐️ P.s this is my fave filter for selfies,False,False,False,self-acceptance and stress reduction,inspirational,False,4,young adults and self-improvement seekers
"Mood 👄 #run #restingbitchface #monday #jeans #blackandwhite
Photo: @eyeattractionphotography 
MUA: @_dy_s",Mood 👄 #run #restingbitchface #monday #jeans #blackandwhite Photo: @eyeattractionphotography MUA: @_dy_s,aesthetic,#run #restingbitchface #monday #jeans #blackandwhite,5,@eyeattractionphotography @_dy_s,2,👄,1,4,104,1,Mood 👄 #run #restingbitchface #monday #jeans #blackandwhite Photo: @eyeattractionphotography MUA: @_dy_s,False,False,False,mood and fashion,casual,False,2,fashion enthusiasts and photography lovers
"If you’re not watching Action News Mornings, you’re missing out ✌️","If you’re not watching Action News Mornings, you’re missing out ✌️",general,,0,,0,✌,1,11,66,1,"If you’re not watching Action News Mornings, you’re missing out ✌️",False,False,False,news and media promotion,professional,True,3,news viewers and current event followers
"OOH ""바른 환"" 시리즈~♡
천연 원료로 만들어져있어 부작용이 없고
한 포씩 개별포장 되어 있어 먹기도 편하당!
날씬환은 핑거루트 등 함유로
체지방 감소에 도움 줄 수 있고
침침환은 결명자 등 함유로
눈 건강에 도움 줄 수 있어서
요즘 하루 1-2포 챙겨먹는중 ᵕ̤ꈊᵕ̤
틴케이스도 너무 귀엽자낭💚
-
-
#건강의시작OOH #OOH바른환 #다이어트식품
#직장인선물 #건강식품추천 #beauty0821","OOH ""바른 환"" 시리즈~♡ 천연 원료로 만들어져있어 부작용이 없고 한 포씩 개별포장 되어 있어 먹기도 편하당! 날씬환은 핑거루트 등 함유로 체지방 감소에 도움 줄 수 있고 침침환은 결명자 등 함유로 눈 건강에 도움 줄 수 있어서 요즘 하루 1-2포 챙겨먹는중 ᵕ̤ꈊᵕ̤ 틴케이스도 너무 귀엽자낭💚 - - #건강의시작OOH #OOH바른환 #다이어트식품 #직장인선물 #건강식품추천 #beauty0821",general,#건강의시작OOH #OOH바른환 #다이어트식품 #직장인선물 #건강식품추천 #beauty0821,6,,0,💚,1,46,224,1,"OOH ""바른 환"" 시리즈~♡ 천연 원료로 만들어져있어 부작용이 없고 한 포씩 개별포장 되어 있어 먹기도 편하당! 날씬환은 핑거루트 등 함유로 체지방 감소에 도움 줄 수 있고 침침환은 결명자 등 함유로 눈 건강에 도움 줄 수 있어서 요즘 하루 1-2포 챙겨먹는중 ᵕ̤ꈊᵕ̤ 틴케이스도 너무 귀엽자낭💚 - - #건강의시작OOH #OOH바른환 #다이어트식품 #직장인선물 #건강식품추천 #beauty0821",False,True,False,health supplement promotion,educational,True,2,health-conscious individuals and supplement users
The light was too good 😋 #goodmorning #wakenbake #stoned #stoner #420 #fashion #selfie #snapchat #model#modeling #lighting #instagay #gayboy #unicorn,The light was too good 😋 #goodmorning #wakenbake #stoned #stoner #420 #fashion #selfie #snapchat #model#modeling #lighting #instagay #gayboy #unicorn,aesthetic,#goodmorning #wakenbake #stoned #stoner #420 #fashion #selfie #snapchat #model #modeling #lighting #instagay #gayboy #unicorn,14,,0,😋,1,6,149,1,The light was too good 😋 #goodmorning #wakenbake #stoned #stoner #420 #fashion #selfie #snapchat #model#modeling #lighting #instagay #gayboy #unicorn,False,False,False,fashion and lifestyle,playful,False,4,fashion enthusiasts and lifestyle followers
cozy summer evenings 🌤  #24colours *ad,cozy summer evenings 🌤 #24colours *ad,aesthetic,#24colours,1,,0,🌤,1,5,37,1,cozy summer evenings 🌤 #24colours *ad,False,False,False,summer vibes and atmosphere,casual,True,3,summer lovers and relaxation seekers
"وقتی قرار باشه آقایون زحمت ناهار رو بکشند این میشه که ساعت شش بعد از ظهر باید ناهار خورد😂
ولی خب خیلی خوبه که یک هفته از آشپزی خبری نیست و آقایون زحمتش  رو میکشند 😉😎",وقتی قرار باشه آقایون زحمت ناهار رو بکشند این میشه که ساعت شش بعد از ظهر باید ناهار خورد😂 ولی خب خیلی خوبه که یک هفته از آشپزی خبری نیست و آقایون زحمتش رو میکشند 😉😎,funny,,0,,0,😂😉😎,3,36,164,1,وقتی قرار باشه آقایون زحمت ناهار رو بکشند این میشه که ساعت شش بعد از ظهر باید ناهار خورد😂 ولی خب خیلی خوبه که یک هفته از آشپزی خبری نیست و آقایون زحمتش رو میکشند 😉😎,False,False,False,humor and relationships,playful,False,5,comedy fans and relationship enthusiasts
"イヤリング半分こ
@cream_dot 
ワープイヤリング
すごくピアスに見えるよ
シンプルで合わせやすい。
.
#creamdot #chao_app 
#rakuten_fashion 
www.cream-dot.co.jp/",イヤリング半分こ @cream_dot ワープイヤリング すごくピアスに見えるよ シンプルで合わせやすい。 . #creamdot #chao_app #rakuten_fashion www.cream-dot.co.jp/,aesthetic,#creamdot #chao_app #rakuten_fashion,3,@cream_dot,1,,0,6,113,1,イヤリング半分こ @cream_dot ワープイヤリング すごくピアスに見えるよ シンプルで合わせやすい。 . #creamdot #chao_app #rakuten_fashion www.cream-dot.co.jp/,False,False,False,fashion and accessories,casual,True,3,fashion enthusiasts and accessory lovers
